firstName,lastName,email,department,is_leader,college,phone,website,location
Example,Member,example.member@example.com,Math,true,URI,(401) 111-1111,example.com,Room 153
Brian,Baldizar,brian.baldizar@ppsd.org,Admin,false,,,,Main Office
Scott,Barr,scott.barr@ppsd.org,Admin,TRUE,,,,Main Office
Beth,Battey,beth.battey@ppsd.org,Admin,false,,,,Main Office
Nicole,Mathis,nicole.mathis@ppsd.org,Admin,false,,,,Main Office
Emerson,Brown,emerson.brown@ppsd.org,Art,false,,,,
Janice,Gomes,janice.gomes@ppsd.org,Art,false,,,,
Chris,Seminara,christopher.seminara@providenceschools.org,Art,false,,,,
Aarav,Sundaresh,aarav.sundaresh@ppsd.org,Art,false,,,,
Ellen,Anderson,ellen.anderson@ppsd.org,English,true,,,,
Alyson,Catalan,alyson.catalan@ppsd.org,English,false,,,,
Francesca,Dow,francesca.dow@ppsd.org,English,false,,,,
Christopher,Kite,christopher.kite@ppsd.org,English,false,,,,
Francesca,Leclerc,francesca.leclerc@ppsd.org,English,false,,,,
Olwyn,McCabe,olwyn.mccabe@ppsd.org,English,false,,,,
Lucy,Mercado,lucy.mercado@ppsd.org,English,false,,,,
Natalie,Otero,natalie.otero@ppsd.org,English,false,,,,
Christina,Toro,christina.toro@ppsd.org,English,false,,,,
Cassidy,Wardwell,cassidy.wardwell@providenceschools.org,English,false,,,,
Jamie Faith,Woods,jamie.woods@providenceschools.org,English,false,,,,
Damian,Yattaw,damian.yattaw@ppsd.org,English,false,,,,
Ann,Cedergren,ann.cedergren@ppsd.org,Guidance,false,,,,
Scott,Harding,scott.harding@ppsd.org,Guidance,false,,,,
Giulia,Simeone,giulia.simeone@ppsd.org,Guidance,false,,,,
Louis,Toro,louis.toro@ppsd.org,Guidance,true,,,,
Peter,Verrecchia,peter.verrecchia@ppsd.org,Guidance,false,,,,
Joseph,Caccia,joseph.caccia@ppsd.org,History,true,,,,
Bryan,Cerullo,bryan.cerullo@ppsd.org,History,false,,,,
Wendy,Cotta,wendy.cotta@ppsd.org,History,false,,,,
Edward,DiRissio,edward.dirissio@ppsd.org,History,false,,,,
Alan,Golde,alan.golde@ppsd.org,History,false,,,,
Brad,Macksoud,bradford.macksoud@ppsd.org,History,false,,,,
Michael,Sackett,michael.sackett@providenceschools.org,History,false,,,,
Kenneth,Sullo,kenneth.sullo@ppsd.org,History,false,,,,
Michael,Zanfagna,michael.zanfagna@ppsd.org,History,false,,,,
Luis,Astudillo,luis.astudillo@ppsd.org,Language,true,,,,
Edward,de Boo,edward.deboo@ppsd.org,Language,false,,,,
Julie,Felci,julie.felci@ppsd.org,Language,false,,,,
Michael,Hébert,michael.hebert@ppsd.org,Language,false,,,,
Ana,Mendiburu,ana.mendiburu@ppsd.org,Language,false,,,,
Mikiko,Morimura,mikiko.morimura@ppsd.org,Language,false,,,,
Julia,Polana,julia.polana@ppsd.org,Language,false,,,,
Janet,Popa,janet.popa@ppsd.org,Language,false,,,,
Jenny,Zhukavets,jenny.zhukavets@ppsd.org,Language,false,,,,
Mohammad,Awwad,mohammad.awwad@ppsd.org,Math,false,,,,
Lisa,Biswas,lisa.biswas@ppsd.org,Math,false,,,,
Paula,Caron,paula.caron@ppsd.org,Math,false,,,,
Randall,Dugan,randall.dugan@ppsd.org,Math,false,,,,
Christine,Dunbar,christine.dunbar@ppsd.org,Math,true,,,,
Sally,Garabedian,sally.garabedian@ppsd.org,Math,false,,,,
Karen,Hickey,karen.hickey@ppsd.org,Math,false,,,,
Sharon,Nightingale,sharon.nightingale@ppsd.org,Math,false,,,,
Charlene,Rocchio,charlene.rocchio@ppsd.org,Math,false,,,,
Angel,Silverio,angel.silverio@ppsd.org,Math,false,,,,
Edward,St.Michel,edward.stmichel@providenceschools.org,Math,false,,,,
David,Tibbitts,david.tibbitts@ppsd.org,Math,false,,,,
Ramona,Bessinger,ramona.bessinger@ppsd.org,Other,false,,,,
Angela,Crossman,angela.crossman@ppsd.org,Other,false,,,,
Sam,Gee,samboeun.gee@ppsd.org,Other,false,,,,
Maura,Keating,maura.keating@ppsd.org,Other,false,,,,Library
Sarah,Larson,sarah.larson@ppsd.org,Other,false,,,,Nurse
Andrea,Nadra,andrea.nadra@ppsd.org,Other,false,,,,
Ryan,Cafferty,ryan.cafferty@ppsd.org,Phys Ed,false,,,,
Steven,Jackson,steven.jackson@ppsd.org,Phys Ed,false,,,,
Christopher,O'Connell,christopher.oconnell@ppsd.org,Phys Ed,false,,,,
Robert,Palazzo,robert.palazzo@ppsd.org,Phys Ed,true,,,,
Patrice,Roberts,patrice.roberts@ppsd.org,Phys Ed,false,,,,
Aja,Butler,aja.butler@ppsd.org,Science,true,,,,
Breanna,Corey,breanna@corey.ppsd.org,Science,false,,,,
Christina,DiLorenzo,christina.dibiasio@ppsd.org,Science,false,,,,
Oluwatomi,Falaye,oluwatomi.falaye@ppsd.org,Science,false,,,,
Briana,Gustaitis,briana.gustaitis@ppsd.org,Science,false,,,,
Sharon,Kozlowski,sharon.kozlowski@ppsd.org,Science,false,,,,
Scott,MacBeth,scott.macbeth@ppsd.org,Science,false,,,,
Greg,Mailloux,gregory.mailloux@ppsd.org,Science,false,,,,
Nolberto,Pena,nolberto.pena@ppsd.org,Science,false,,,,
Lesley,Shapiro,lesley.shapiro@ppsd.org,Science,false,,,,